<?xml version="1.0" encoding="UTF-8"?>

<mule
	xmlns:context="http://www.springframework.org/schema/context"
	xmlns="http://www.mulesoft.org/schema/mule/core"
	xmlns:doc="http://www.mulesoft.org/schema/mule/documentation"
	xmlns:ws="http://www.mulesoft.org/schema/mule/ws"
	xmlns:spring="http://www.springframework.org/schema/beans"
	xmlns:data-mapper="http://www.mulesoft.org/schema/mule/ee/data-mapper"
	xmlns:db="http://www.mulesoft.org/schema/mule/db"
	xmlns:http="http://www.mulesoft.org/schema/mule/http"
	xmlns:sfdc="http://www.mulesoft.org/schema/mule/sfdc"
	xmlns:core="http://www.mulesoft.org/schema/mule/core"
	xmlns:mulexml="http://www.mulesoft.org/schema/mule/xml"
	version="EE-3.7.1"
	xmlns:xsi="http://www.w3.org/2001/XMLSchema-instance"
	xsi:schemaLocation="http://www.mulesoft.org/schema/mule/ws http://www.mulesoft.org/schema/mule/ws/current/mule-ws.xsd
http://www.springframework.org/schema/beans http://www.springframework.org/schema/beans/spring-beans-current.xsd
http://www.mulesoft.org/schema/mule/ee/data-mapper http://www.mulesoft.org/schema/mule/ee/data-mapper/current/mule-data-mapper.xsd
http://www.mulesoft.org/schema/mule/db http://www.mulesoft.org/schema/mule/db/current/mule-db.xsd
http://www.mulesoft.org/schema/mule/http http://www.mulesoft.org/schema/mule/http/current/mule-http.xsd
http://www.mulesoft.org/schema/mule/sfdc http://www.mulesoft.org/schema/mule/sfdc/current/mule-sfdc.xsd
http://www.mulesoft.org/schema/mule/core http://www.mulesoft.org/schema/mule/core/current/mule.xsd
http://www.mulesoft.org/schema/mule/xml http://www.mulesoft.org/schema/mule/xml/current/mule-xml.xsd
http://www.springframework.org/schema/context http://www.springframework.org/schema/context/spring-context-current.xsd">
	<http:listener-config
		name="HTTP_Listener_Configuration"
		host="${http.host}"
		port="${http.port}"
		doc:name="HTTP Listener Configuration" />
	<http:request-config
		name="United_REST_Request_Configuration"
		host="${http.hostUnited}"
		port="${http.portNumUnited}"
		basePath="${http.pathUnited}"
		doc:name="HTTP Request Configuration" />
	<http:request-config
		name="Bank_REST_Request_Configuration"
		host="mu.mulesoft-training.com"
		port="80"
		basePath="/build/banking/rest"
		doc:name="HTTP Request Configuration">
		<http:raml-api-configuration
			location="https://anypoint.mulesoft.com/apiplatform/repository/v2/organizations/fd604b43-365c-42e8-810f-733a2b7f411f/public/apis/9565/versions/26302/files/root" />
	</http:request-config>
	<ws:consumer-config
		name="Delta_Web_Service_Consumer"
		wsdlLocation="http://mu.mulesoft-training.com/essentials/delta?wsdl"
		service="TicketServiceService"
		port="TicketServicePort"
		serviceAddress="http://training-u.cloudhub.io/essentials/delta"
		doc:name="Web Service Consumer" />
	<db:mysql-config
		name="Training_MySQL_Configuration"
		host="${db.host}"
		port="${db.port}"
		user="${db.user}"
		password="${db.password}"
		database="${db.database}"
		doc:name="MySQL Configuration" />
	<sfdc:config
		name="Salesforce__Basic_authentication"
		username="joeg@modusbox.com"
		password="gohm92591"
		securityToken="7I2zHbjdzHElr6ylA4IfVA05"
		doc:name="Salesforce: Basic authentication" />
	<mulexml:jaxb-context
		name="JAXB_Context"
		packageNames="com.mulesoft.training"
		doc:name="JAXB Context" />
	<data-mapper:config
		name="List_Map__To_Pojo"
		transformationGraphPath="list_map__to_pojo.grf"
		doc:name="List_Map__To_Pojo" />
	<data-mapper:config
		name="String_To_Xml_findFlight_"
		transformationGraphPath="string_to_xml_findflight_.grf"
		doc:name="String_To_Xml_findFlight_" />
	<payload-type-filter
		expectedType="java.util.ArrayList"
		name="Filter_Not_ArrayList"
		doc:name="Payload" />
	<configuration
		defaultExceptionStrategy-ref="globalChoice_Exception_Strategy"
		doc:name="Configuration">
		<http:config useTransportForUris="false" />
	</configuration>
	<context:property-placeholder location="apessentials-${env}.properties" />
	<choice-exception-strategy name="globalChoice_Exception_Strategy">
		<catch-exception-strategy
			when="#[exception.causedBy(org.mule.api.expression.ExpressionRuntimeException)]"
			doc:name="Catch Expression Exceptions">
			<set-payload
				value="The application is currently unavailable"
				doc:name="Set Payload" />
			<logger
				level="INFO"
				doc:name="Logger" />
		</catch-exception-strategy>
		<catch-exception-strategy doc:name="Catch All Other Exceptions">
			<set-payload
				value="Data is currently unavailable"
				doc:name="Set Payload" />
			<logger
				level="INFO"
				doc:name="Logger" />
		</catch-exception-strategy>
	</choice-exception-strategy>
</mule>
